-- Seed data for local development
-- Uses deterministic UUIDs so foreign keys can reference them within this file

-- Admin user (local dev only).
-- Only inserts if the UUID already exists in auth.users (i.e. you have signed in at least once).
-- After your first sign-in, run: select id from auth.users; and paste your UUID below.
-- Re-running supabase db reset will NOT fail if the UUID is absent — the WHERE guards it.
insert into public.admins (user_id)
select '0a104ba1-a6b5-435b-ba61-2525dfa05a08'::uuid
where exists (
  select 1 from auth.users where id = '0a104ba1-a6b5-435b-ba61-2525dfa05a08'
)
on conflict do nothing;

-- Players (mmr/wins/losses are overwritten by recalculate_all_mmr() at the end)
insert into public.players (id, name, mmr, tier, wins, losses) values
  ('a1000000-0000-0000-0000-000000000001', 'Rafael Nadal',    1000, 'unranked', 0, 0),
  ('a1000000-0000-0000-0000-000000000002', 'Novak Djokovic',  1000, 'unranked', 0, 0),
  ('a1000000-0000-0000-0000-000000000003', 'Carlos Alcaraz',  1000, 'unranked', 0, 0),
  ('a1000000-0000-0000-0000-000000000004', 'Jannik Sinner',   1000, 'unranked', 0, 0),
  ('a1000000-0000-0000-0000-000000000005', 'Daniil Medvedev', 1000, 'unranked', 0, 0),
  ('a1000000-0000-0000-0000-000000000006', 'Alexander Zverev',1000, 'unranked', 0, 0),
  ('a1000000-0000-0000-0000-000000000007', 'Andrey Rublev',   1000, 'unranked', 0, 0),
  ('a1000000-0000-0000-0000-000000000008', 'Casper Ruud',     1000, 'unranked', 0, 0);

-- Matches (player1_id/player2_id = participants; winner/loser set for completed matches)
insert into public.matches (id, date, player1_id, player2_id, winner_id, loser_id, score, surface, tournament, status) values
  ('b1000000-0000-0000-0000-000000000001', '2026-01-10', 'a1000000-0000-0000-0000-000000000001', 'a1000000-0000-0000-0000-000000000005', 'a1000000-0000-0000-0000-000000000001', 'a1000000-0000-0000-0000-000000000005', '6-3 7-5',     'hard',  'TRD Open',               'completed'),
  ('b1000000-0000-0000-0000-000000000002', '2026-01-12', 'a1000000-0000-0000-0000-000000000002', 'a1000000-0000-0000-0000-000000000006', 'a1000000-0000-0000-0000-000000000002', 'a1000000-0000-0000-0000-000000000006', '6-4 6-2',     'hard',  'TRD Open',               'completed'),
  ('b1000000-0000-0000-0000-000000000003', '2026-01-15', 'a1000000-0000-0000-0000-000000000003', 'a1000000-0000-0000-0000-000000000007', 'a1000000-0000-0000-0000-000000000003', 'a1000000-0000-0000-0000-000000000007', '7-6 4-6 6-3', 'hard',  'TRD Open',               'completed'),
  ('b1000000-0000-0000-0000-000000000004', '2026-01-18', 'a1000000-0000-0000-0000-000000000001', 'a1000000-0000-0000-0000-000000000002', 'a1000000-0000-0000-0000-000000000001', 'a1000000-0000-0000-0000-000000000002', '6-4 3-6 7-5', 'hard',  'TRD Open',               'completed'),
  ('b1000000-0000-0000-0000-000000000005', '2026-02-05', 'a1000000-0000-0000-0000-000000000004', 'a1000000-0000-0000-0000-000000000008', 'a1000000-0000-0000-0000-000000000004', 'a1000000-0000-0000-0000-000000000008', '6-1 6-3',     'clay',  'TRD Clay Court',         'completed'),
  ('b1000000-0000-0000-0000-000000000006', '2026-02-07', 'a1000000-0000-0000-0000-000000000003', 'a1000000-0000-0000-0000-000000000001', 'a1000000-0000-0000-0000-000000000003', 'a1000000-0000-0000-0000-000000000001', '7-5 6-7 6-4', 'clay',  'TRD Clay Court',         'completed'),
  ('b1000000-0000-0000-0000-000000000007', '2026-02-10', 'a1000000-0000-0000-0000-000000000002', 'a1000000-0000-0000-0000-000000000004', 'a1000000-0000-0000-0000-000000000002', 'a1000000-0000-0000-0000-000000000004', '6-3 6-4',     'clay',  'TRD Clay Court',         'completed'),
  ('b1000000-0000-0000-0000-000000000008', '2026-03-01', 'a1000000-0000-0000-0000-000000000005', 'a1000000-0000-0000-0000-000000000003', 'a1000000-0000-0000-0000-000000000005', 'a1000000-0000-0000-0000-000000000003', '7-6 6-3',     'grass', 'TRD Grass Invitational',  'completed'),
  ('b1000000-0000-0000-0000-000000000009', '2026-03-03', 'a1000000-0000-0000-0000-000000000006', 'a1000000-0000-0000-0000-000000000001', 'a1000000-0000-0000-0000-000000000006', 'a1000000-0000-0000-0000-000000000001', '6-2 7-5',     'grass', 'TRD Grass Invitational',  'completed'),
  ('b1000000-0000-0000-0000-000000000010', '2026-03-05', 'a1000000-0000-0000-0000-000000000004', 'a1000000-0000-0000-0000-000000000002', 'a1000000-0000-0000-0000-000000000004', 'a1000000-0000-0000-0000-000000000002', '6-4 6-7 7-5', 'grass', 'TRD Grass Invitational',  'completed'),
  ('b1000000-0000-0000-0000-000000000011', '2026-03-20', 'a1000000-0000-0000-0000-000000000007', 'a1000000-0000-0000-0000-000000000008', 'a1000000-0000-0000-0000-000000000007', 'a1000000-0000-0000-0000-000000000008', '6-3 6-2',     'indoor','TRD Indoor Championship', 'completed'),
  ('b1000000-0000-0000-0000-000000000012', '2026-03-22', 'a1000000-0000-0000-0000-000000000001', 'a1000000-0000-0000-0000-000000000004', 'a1000000-0000-0000-0000-000000000001', 'a1000000-0000-0000-0000-000000000004', '7-5 6-4',     'indoor','TRD Indoor Championship', 'completed');

-- match_players rows (one per participant per match)
insert into public.match_players (match_id, player_id, role) values
  ('b1000000-0000-0000-0000-000000000001', 'a1000000-0000-0000-0000-000000000001', 'winner'),
  ('b1000000-0000-0000-0000-000000000001', 'a1000000-0000-0000-0000-000000000005', 'loser'),
  ('b1000000-0000-0000-0000-000000000002', 'a1000000-0000-0000-0000-000000000002', 'winner'),
  ('b1000000-0000-0000-0000-000000000002', 'a1000000-0000-0000-0000-000000000006', 'loser'),
  ('b1000000-0000-0000-0000-000000000003', 'a1000000-0000-0000-0000-000000000003', 'winner'),
  ('b1000000-0000-0000-0000-000000000003', 'a1000000-0000-0000-0000-000000000007', 'loser'),
  ('b1000000-0000-0000-0000-000000000004', 'a1000000-0000-0000-0000-000000000001', 'winner'),
  ('b1000000-0000-0000-0000-000000000004', 'a1000000-0000-0000-0000-000000000002', 'loser'),
  ('b1000000-0000-0000-0000-000000000005', 'a1000000-0000-0000-0000-000000000004', 'winner'),
  ('b1000000-0000-0000-0000-000000000005', 'a1000000-0000-0000-0000-000000000008', 'loser'),
  ('b1000000-0000-0000-0000-000000000006', 'a1000000-0000-0000-0000-000000000003', 'winner'),
  ('b1000000-0000-0000-0000-000000000006', 'a1000000-0000-0000-0000-000000000001', 'loser'),
  ('b1000000-0000-0000-0000-000000000007', 'a1000000-0000-0000-0000-000000000002', 'winner'),
  ('b1000000-0000-0000-0000-000000000007', 'a1000000-0000-0000-0000-000000000004', 'loser'),
  ('b1000000-0000-0000-0000-000000000008', 'a1000000-0000-0000-0000-000000000005', 'winner'),
  ('b1000000-0000-0000-0000-000000000008', 'a1000000-0000-0000-0000-000000000003', 'loser'),
  ('b1000000-0000-0000-0000-000000000009', 'a1000000-0000-0000-0000-000000000006', 'winner'),
  ('b1000000-0000-0000-0000-000000000009', 'a1000000-0000-0000-0000-000000000001', 'loser'),
  ('b1000000-0000-0000-0000-000000000010', 'a1000000-0000-0000-0000-000000000004', 'winner'),
  ('b1000000-0000-0000-0000-000000000010', 'a1000000-0000-0000-0000-000000000002', 'loser'),
  ('b1000000-0000-0000-0000-000000000011', 'a1000000-0000-0000-0000-000000000007', 'winner'),
  ('b1000000-0000-0000-0000-000000000011', 'a1000000-0000-0000-0000-000000000008', 'loser'),
  ('b1000000-0000-0000-0000-000000000012', 'a1000000-0000-0000-0000-000000000001', 'winner'),
  ('b1000000-0000-0000-0000-000000000012', 'a1000000-0000-0000-0000-000000000004', 'loser');

-- Recalculate MMR from match history so leaderboard is correct after seeding
select public.recalculate_all_mmr();
