-- Seed data for local development
-- Uses deterministic UUIDs so foreign keys can reference them within this file

-- Players
insert into public.players (id, name, elo, wins, losses) values
  ('a1000000-0000-0000-0000-000000000001', 'Rafael Nadal',    1200, 0, 0),
  ('a1000000-0000-0000-0000-000000000002', 'Novak Djokovic',  1180, 0, 0),
  ('a1000000-0000-0000-0000-000000000003', 'Carlos Alcaraz',  1150, 0, 0),
  ('a1000000-0000-0000-0000-000000000004', 'Jannik Sinner',   1120, 0, 0),
  ('a1000000-0000-0000-0000-000000000005', 'Daniil Medvedev', 1090, 0, 0),
  ('a1000000-0000-0000-0000-000000000006', 'Alexander Zverev',1060, 0, 0),
  ('a1000000-0000-0000-0000-000000000007', 'Andrey Rublev',   1030, 0, 0),
  ('a1000000-0000-0000-0000-000000000008', 'Casper Ruud',     1010, 0, 0);

-- Matches (ELO will be recalculated by recalculate_all_elo() — seed values above will be overwritten)
insert into public.matches (id, date, winner_id, loser_id, score, surface, tournament) values
  ('b1000000-0000-0000-0000-000000000001', '2026-01-10', 'a1000000-0000-0000-0000-000000000001', 'a1000000-0000-0000-0000-000000000005', '6-3 7-5',       'hard',  'TRD Open'),
  ('b1000000-0000-0000-0000-000000000002', '2026-01-12', 'a1000000-0000-0000-0000-000000000002', 'a1000000-0000-0000-0000-000000000006', '6-4 6-2',       'hard',  'TRD Open'),
  ('b1000000-0000-0000-0000-000000000003', '2026-01-15', 'a1000000-0000-0000-0000-000000000003', 'a1000000-0000-0000-0000-000000000007', '7-6 4-6 6-3',   'hard',  'TRD Open'),
  ('b1000000-0000-0000-0000-000000000004', '2026-01-18', 'a1000000-0000-0000-0000-000000000001', 'a1000000-0000-0000-0000-000000000002', '6-4 3-6 7-5',   'hard',  'TRD Open'),
  ('b1000000-0000-0000-0000-000000000005', '2026-02-05', 'a1000000-0000-0000-0000-000000000004', 'a1000000-0000-0000-0000-000000000008', '6-1 6-3',       'clay',  'TRD Clay Court'),
  ('b1000000-0000-0000-0000-000000000006', '2026-02-07', 'a1000000-0000-0000-0000-000000000003', 'a1000000-0000-0000-0000-000000000001', '7-5 6-7 6-4',   'clay',  'TRD Clay Court'),
  ('b1000000-0000-0000-0000-000000000007', '2026-02-10', 'a1000000-0000-0000-0000-000000000002', 'a1000000-0000-0000-0000-000000000004', '6-3 6-4',       'clay',  'TRD Clay Court'),
  ('b1000000-0000-0000-0000-000000000008', '2026-03-01', 'a1000000-0000-0000-0000-000000000005', 'a1000000-0000-0000-0000-000000000003', '7-6 6-3',       'grass', 'TRD Grass Invitational'),
  ('b1000000-0000-0000-0000-000000000009', '2026-03-03', 'a1000000-0000-0000-0000-000000000006', 'a1000000-0000-0000-0000-000000000001', '6-2 7-5',       'grass', 'TRD Grass Invitational'),
  ('b1000000-0000-0000-0000-000000000010', '2026-03-05', 'a1000000-0000-0000-0000-000000000004', 'a1000000-0000-0000-0000-000000000002', '6-4 6-7 7-5',   'grass', 'TRD Grass Invitational'),
  ('b1000000-0000-0000-0000-000000000011', '2026-03-20', 'a1000000-0000-0000-0000-000000000007', 'a1000000-0000-0000-0000-000000000008', '6-3 6-2',       'indoor','TRD Indoor Championship'),
  ('b1000000-0000-0000-0000-000000000012', '2026-03-22', 'a1000000-0000-0000-0000-000000000001', 'a1000000-0000-0000-0000-000000000004', '7-5 6-4',       'indoor','TRD Indoor Championship');

-- match_players rows (one per participant per match)
insert into public.match_players (match_id, player_id, role) values
  ('b1000000-0000-0000-0000-000000000001', 'a1000000-0000-0000-0000-000000000001', 'winner'),
  ('b1000000-0000-0000-0000-000000000001', 'a1000000-0000-0000-0000-000000000005', 'loser'),
  ('b1000000-0000-0000-0000-000000000002', 'a1000000-0000-0000-0000-000000000002', 'winner'),
  ('b1000000-0000-0000-0000-000000000002', 'a1000000-0000-0000-0000-000000000006', 'loser'),
  ('b1000000-0000-0000-0000-000000000003', 'a1000000-0000-0000-0000-000000000003', 'winner'),
  ('b1000000-0000-0000-0000-000000000003', 'a1000000-0000-0000-0000-000000000007', 'loser'),
  ('b1000000-0000-0000-0000-000000000004', 'a1000000-0000-0000-0000-000000000001', 'winner'),
  ('b1000000-0000-0000-0000-000000000004', 'a1000000-0000-0000-0000-000000000002', 'loser'),
  ('b1000000-0000-0000-0000-000000000005', 'a1000000-0000-0000-0000-000000000004', 'winner'),
  ('b1000000-0000-0000-0000-000000000005', 'a1000000-0000-0000-0000-000000000008', 'loser'),
  ('b1000000-0000-0000-0000-000000000006', 'a1000000-0000-0000-0000-000000000003', 'winner'),
  ('b1000000-0000-0000-0000-000000000006', 'a1000000-0000-0000-0000-000000000001', 'loser'),
  ('b1000000-0000-0000-0000-000000000007', 'a1000000-0000-0000-0000-000000000002', 'winner'),
  ('b1000000-0000-0000-0000-000000000007', 'a1000000-0000-0000-0000-000000000004', 'loser'),
  ('b1000000-0000-0000-0000-000000000008', 'a1000000-0000-0000-0000-000000000005', 'winner'),
  ('b1000000-0000-0000-0000-000000000008', 'a1000000-0000-0000-0000-000000000003', 'loser'),
  ('b1000000-0000-0000-0000-000000000009', 'a1000000-0000-0000-0000-000000000006', 'winner'),
  ('b1000000-0000-0000-0000-000000000009', 'a1000000-0000-0000-0000-000000000001', 'loser'),
  ('b1000000-0000-0000-0000-000000000010', 'a1000000-0000-0000-0000-000000000004', 'winner'),
  ('b1000000-0000-0000-0000-000000000010', 'a1000000-0000-0000-0000-000000000002', 'loser'),
  ('b1000000-0000-0000-0000-000000000011', 'a1000000-0000-0000-0000-000000000007', 'winner'),
  ('b1000000-0000-0000-0000-000000000011', 'a1000000-0000-0000-0000-000000000008', 'loser'),
  ('b1000000-0000-0000-0000-000000000012', 'a1000000-0000-0000-0000-000000000001', 'winner'),
  ('b1000000-0000-0000-0000-000000000012', 'a1000000-0000-0000-0000-000000000004', 'loser');
